report_id,report_title,report_type,assigned_project_id,generated_by,generated_date,file_size_mb,status,format
REP-2026-01,AI Site Safety & OSHA Compliance Audit,Safety Audit,Delhi Metro - Phase 4,Pooja Deshmukh,2026-07-22,4.8 MB,Verified,PDF
REP-2026-02,Q2 Capital Expenditure & Cost Variance Log,Financial Audit,Mumbai Trans Harbour Link,Alex Sterling,2026-07-18,12.4 MB,Verified,CSV
REP-2026-03,RFID Raw Material Supply Telemetry Stream,Material Stream,Indore Smart City Hub,Ananya Mishra,2026-07-15,8.1 MB,Generated,JSON
REP-2026-04,Heavy Machinery IoT Telemetry & Engine Health,Equipment Audit,International Terminal Exp.,Vikram Sharma,2026-07-10,6.2 MB,Verified,PDF
REP-2026-05,High-Speed Rail Viaduct Structural Integrity Audit,Structural Audit,Ahmedabad High Speed Bullet Rail,Siddharth Mehta,2026-07-06,15.3 MB,Verified,PDF
REP-2026-06,Wind Shear & Thermal Expansion Telemetry Log,Environmental,Chenab Railway Bridge Corridor,Kavita Reddy,2026-07-02,9.7 MB,Verified,CSV
REP-2026-07,Soil Settlement & Foundation Load Inspection,Geotechnical,Navi Mumbai International Airport,Arjun Nair,2026-06-29,11.0 MB,Verified,PDF
REP-2026-08,Stormwater Drainage & Flood Risk Prediction,Environmental,Hyderabad Outer Ring Supergrid,Pooja Deshmukh,2026-06-24,5.4 MB,Generated,JSON
REP-2026-09,Riverbed Water Ingress & Seepage Monitoring Log,Hydro-Audit,Kolkata Underwater Metro Tunnel,Meera Banerjee,2026-06-20,18.6 MB,Verified,PDF
REP-2026-10,Pavement Thickness & Load Bearing Strength Test,Quality Audit,Chennai Coastal Expressway Ph-2,Karthik Subramanian,2026-06-15,7.2 MB,Verified,PDF
